-- MySQL dump 10.13  Distrib 5.5.49, for debian-linux-gnu (x86_64)
--
-- Host: localhost    Database: pier_pressure_database
-- ------------------------------------------------------
-- Server version	5.5.49-0ubuntu0.14.04.1

/*!40101 SET @OLD_CHARACTER_SET_CLIENT=@@CHARACTER_SET_CLIENT */;
/*!40101 SET @OLD_CHARACTER_SET_RESULTS=@@CHARACTER_SET_RESULTS */;
/*!40101 SET @OLD_COLLATION_CONNECTION=@@COLLATION_CONNECTION */;
/*!40101 SET NAMES utf8 */;
/*!40103 SET @OLD_TIME_ZONE=@@TIME_ZONE */;
/*!40103 SET TIME_ZONE='+00:00' */;
/*!40014 SET @OLD_UNIQUE_CHECKS=@@UNIQUE_CHECKS, UNIQUE_CHECKS=0 */;
/*!40014 SET @OLD_FOREIGN_KEY_CHECKS=@@FOREIGN_KEY_CHECKS, FOREIGN_KEY_CHECKS=0 */;
/*!40101 SET @OLD_SQL_MODE=@@SQL_MODE, SQL_MODE='NO_AUTO_VALUE_ON_ZERO' */;
/*!40111 SET @OLD_SQL_NOTES=@@SQL_NOTES, SQL_NOTES=0 */;

--
-- Table structure for table `aisinformation`
--

DROP TABLE IF EXISTS `aisinformation`;
/*!40101 SET @saved_cs_client     = @@character_set_client */;
/*!40101 SET character_set_client = utf8 */;
CREATE TABLE `aisinformation` (
  `idaisinformation` int(11) NOT NULL AUTO_INCREMENT,
  `current_time_ais` mediumtext NOT NULL,
  `x_coordinates` double NOT NULL,
  `y_coordinates` double NOT NULL,
  `speed` double NOT NULL,
  `co2_submission` double DEFAULT NULL,
  `ships_mmsi` int(11) NOT NULL,
  PRIMARY KEY (`idaisinformation`),
  KEY `fk_aisinformation_ships1_idx` (`ships_mmsi`),
  CONSTRAINT `fk_aisinformation_ships1` FOREIGN KEY (`ships_mmsi`) REFERENCES `ships` (`mmsi`) ON DELETE NO ACTION ON UPDATE NO ACTION
) ENGINE=InnoDB AUTO_INCREMENT=236 DEFAULT CHARSET=utf8;
/*!40101 SET character_set_client = @saved_cs_client */;

--
-- Dumping data for table `aisinformation`
--

LOCK TABLES `aisinformation` WRITE;
/*!40000 ALTER TABLE `aisinformation` DISABLE KEYS */;
INSERT INTO `aisinformation` VALUES (22,'1463567745000',51.71595,4.85335,3.18928,2.160323612829839,244660134),(23,'1464822773000',51.58709,7.29279,0.8744799999999999,0.7783173541309203,244660136),(24,'1464848916000',51.52514,6.69403,2.67488,1.5399480740262301,244730402),(25,'1463994152000',50.68584,7.17808,2.26336,1.2059682633824405,244730609),(26,'1464865077000',51.26841,6.70496,2.3148,1.241412602143484,244730402),(27,'1464866176000',51.25352,6.73503,3.03496,1.9455310483373451,244730402),(28,'1464866338000',51.25234,6.74136,2.72632,1.5906464448948794,244730402),(29,'1464866518000',51.25078,6.74773,2.52056,1.4005319351884,244730402),(30,'1464866596000',51.25,6.7503,2.52056,1.4005319351884,244730402),(31,'1464866616000',51.24977,6.75094,2.4691199999999998,1.3580249551487007,244730402),(32,'1464866706000',51.24874,6.75374,2.41768,1.3173798667765038,244730402),(33,'1464866776000',51.24791,6.75577,2.3662399999999995,1.2785300502625505,244730402),(34,'1464866857000',51.24669,6.75779,2.41768,1.3173798667765038,244730402),(35,'1464866999000',51.24417,6.76074,2.52056,1.4005319351884,244730402),(36,'1464867037000',51.24339,6.76157,2.6234399999999996,1.4914171622676562,244730402),(37,'1464867076000',51.24262,6.76241,2.72632,1.5906464448948794,244730402),(38,'1464867187000',51.2402,6.76454,2.7777600000000002,1.6435990330413437,244730402),(39,'1464867216000',51.23952,6.76497,2.7777600000000002,1.6435990330413437,244730402),(40,'1464867316000',51.23723,6.76637,2.6234399999999996,1.4914171622676562,244730402),(41,'1464867387000',51.23561,6.76714,2.4691199999999998,1.3580249551487007,244730402),(42,'1464867426000',51.23478,6.76742,2.41768,1.3173798667765038,244730402),(43,'1464867516000',51.23283,6.76782,2.3662399999999995,1.2785300502625505,244730402),(44,'1464867576000',51.23155,6.76767,2.3148,1.241412602143484,244730402),(45,'1464867627000',51.23045,6.76769,2.41768,1.3173798667765038,244730402),(46,'1464867709000',51.22866,6.76741,2.572,1.4449712292977102,244730402),(47,'1464867769000',51.22724,6.76725,2.572,1.4449712292977102,244730402),(48,'1464867841000',51.22561,6.76683,2.41768,1.3173798667765038,244730402),(49,'1464867847000',51.22543,6.76674,2.41768,1.3173798667765038,244730402),(50,'1464867967000',51.22303,6.76499,2.41768,1.3173798667765038,244730402),(51,'1464868038000',51.22187,6.76345,2.3148,1.241412602143484,244730402),(52,'1464868086000',51.2213,6.76207,2.3662399999999995,1.2785300502625505,244730402),(53,'1464868167000',51.22039,6.75978,2.3148,1.241412602143484,244730402),(54,'1464868227000',51.21989,6.75802,2.2119199999999997,1.1721413627711517,244730402),(55,'1464868298000',51.2199,6.75575,2.3148,1.241412602143484,244730402),(56,'1464868326000',51.22004,6.75477,2.3662399999999995,1.2785300502625505,244730402),(57,'1464868406000',51.22089,6.75231,2.4691199999999998,1.3580249551487007,244730402),(58,'1464868456000',51.2216,6.75096,2.41768,1.3173798667765038,244730402),(59,'1464868556000',51.22299,6.74818,2.52056,1.4005319351884,244730402),(60,'1464868611000',51.22373,6.74676,2.52056,1.4005319351884,244730402),(61,'1464868687000',51.22495,6.74463,2.41768,1.3173798667765038,244730402),(62,'1464868737000',51.22567,6.74336,2.26336,1.2059682633824411,244730402),(63,'1464868817000',51.22652,6.74111,2.26336,1.2059682633824411,244730402),(64,'1464868877000',51.22714,6.73944,2.2119199999999997,1.1721413627711517,244730402),(65,'1464868937000',51.22777,6.7378,2.10904,1.109134908297139,244730402),(66,'1464869057000',51.2283,6.73429,2.0576,1.0798616835634411,244730402),(67,'1464869117000',51.2283,6.73253,2.00616,1.0520185740956018,244730402),(68,'1464869188000',51.2278,6.73065,2.10904,1.109134908297139,244730402),(69,'1464869337000',51.22646,6.72669,2.10904,1.109134908297139,244730402),(70,'1464869397000',51.22547,6.7256,2.3148,1.241412602143484,244730402),(71,'1464869467000',51.22417,6.72459,2.16048,1.139879776905431,244730402),(72,'1464869527000',51.2231,6.72422,2.0576,1.0798616835634411,244730402),(73,'1464869586000',51.22214,6.72355,1.9547199999999998,1.0255676421772064,244730402),(74,'1464869658000',51.22094,6.72273,2.00616,1.0520185740956018,244730402),(75,'1464869726000',51.21967,6.72296,2.2119199999999997,1.1721413627711517,244730402),(76,'1464869786000',51.21841,6.72332,2.3662399999999995,1.2785300502625505,244730402),(77,'1464869857000',51.21685,6.72396,2.572,1.4449712292977102,244730402),(78,'1464869917000',51.21548,6.72458,2.72632,1.5906464448948794,244730402),(79,'1464869986000',51.21388,6.72565,2.8291999999999997,1.6988970239299117,244730402),(80,'1464870046000',51.21248,6.72664,2.72632,1.5906464448948794,244730402),(81,'1464870117000',51.21088,6.72772,2.67488,1.5399480740262301,244730402),(82,'1464870177000',51.2095,6.72849,2.67488,1.5399480740262301,244730402),(83,'1464870247000',51.20789,6.72939,2.67488,1.5399480740262301,244730402),(84,'1464870307000',51.20653,6.72999,2.52056,1.4005319351884,244730402),(85,'1464870379000',51.20497,6.73031,2.3148,1.241412602143484,244730402),(86,'1464870442000',51.20375,6.73072,2.26336,1.2059682633824411,244730402),(87,'1464870507000',51.20238,6.73141,2.26336,1.2059682633824411,244730402),(88,'1464870566000',51.20119,6.73192,2.26336,1.2059682633824411,244730402),(89,'1464870638000',51.19976,6.73202,2.26336,1.2059682633824411,244730402),(90,'1464870697000',51.19851,6.73179,2.2119199999999997,1.1721413627711517,244730402),(91,'1464870766000',51.19712,6.73145,2.26336,1.2059682633824411,244730402),(92,'1464870827000',51.19585,6.73159,2.3148,1.241412602143484,244730402),(93,'1464870887000',51.19454,6.73163,2.41768,1.3173798667765038,244730402),(94,'1464870957000',51.19299,6.73123,2.52056,1.4005319351884,244730402),(95,'1464871017000',51.19169,6.73105,2.3662399999999995,1.2785300502625505,244730402),(96,'1464871080000',51.19043,6.73149,2.41768,1.3173798667765038,244730402),(97,'1464871157000',51.18873,6.73216,2.4691199999999998,1.3580249551487007,244730402),(98,'1464871217000',51.18749,6.73297,2.4691199999999998,1.3580249551487007,244730402),(99,'1464871277000',51.18631,6.73399,2.41768,1.3173798667765038,244730402),(100,'1464871348000',51.18509,6.73563,2.41768,1.3173798667765038,244730402),(101,'1464871416000',51.18415,6.7376,2.572,1.4449712292977102,244730402),(102,'1464871476000',51.18332,6.73944,2.572,1.4449712292977102,244730402),(103,'1464871546000',51.18266,6.74178,2.52056,1.4005319351884,244730402),(104,'1464871606000',51.1823,6.74388,2.572,1.4449712292977102,244730402),(105,'1464871678000',51.18197,6.74647,2.572,1.4449712292977102,244730402),(106,'1464871738000',51.18172,6.74871,2.572,1.4449712292977102,244730402),(107,'1464871799000',51.18146,6.7509,2.52056,1.4005319351884,244730402),(108,'1464871871000',51.181,6.75329,2.52056,1.4005319351884,244730402),(109,'1464871937000',51.18065,6.75568,2.41768,1.3173798667765038,244730402),(110,'1464871997000',51.18071,6.75783,2.572,1.4449712292977102,244730402),(111,'1464872066000',51.18114,6.7604,2.72632,1.5906464448948794,244730402),(112,'1464872126000',51.18164,6.76266,2.7777600000000002,1.6435990330413437,244730402),(113,'1464872197000',51.1822,6.76542,2.8291999999999997,1.6988970239299117,244730402),(114,'1464872259000',51.18288,6.76767,2.8806399999999996,1.756636191668821,244730402),(115,'1464872328000',51.18367,6.77016,2.7777600000000002,1.6435990330413437,244730402),(116,'1464872388000',51.18432,6.7723,2.67488,1.5399480740262301,244730402),(117,'1464872437000',51.18466,6.7742,2.6234399999999996,1.4914171622676562,244730402),(118,'1464872497000',51.18492,6.77641,2.572,1.4449712292977102,244730402),(119,'1464872587000',51.18476,6.77971,2.67488,1.5399480740262301,244730402),(120,'1464872646000',51.18453,6.78202,2.67488,1.5399480740262301,244730402),(121,'1464872716000',51.18433,6.7847,2.6234399999999996,1.4914171622676562,244730402),(122,'1464872776000',51.18382,6.78677,2.572,1.4449712292977102,244730402),(123,'1464872846000',51.18286,6.78888,2.572,1.4449712292977102,244730402),(124,'1464872906000',51.18183,6.79053,2.67488,1.5399480740262301,244730402),(125,'1464872977000',51.18056,6.79238,2.72632,1.5906464448948794,244730402),(126,'1464873037000',51.17937,6.79373,2.67488,1.5399480740262301,244730402),(127,'1464873078000',51.17847,6.79451,2.67488,1.5399480740262301,244730402),(128,'1464873158000',51.17674,6.79569,2.6234399999999996,1.4914171622676562,244730402),(129,'1464873236000',51.17491,6.79636,2.572,1.4449712292977102,244730402),(130,'1464873296000',51.17353,6.79667,2.572,1.4449712292977102,244730402),(131,'1464873367000',51.17188,6.79705,2.572,1.4449712292977102,244730402),(132,'1464873426000',51.1705,6.79707,2.52056,1.4005319351884,244730402),(133,'1464873496000',51.16895,6.79692,2.4691199999999998,1.3580249551487007,244730402),(134,'1464873556000',51.16759,6.79675,2.41768,1.3173798667765038,244730402),(135,'1464873596000',51.16673,6.79673,2.3148,1.241412602143484,244730402),(136,'1464873687000',51.16487,6.79679,2.2119199999999997,1.1721413627711517,244730402),(137,'1464873759000',51.16347,6.79693,2.3148,1.241412602143484,244730402),(138,'1464873807000',51.16236,6.79688,2.41768,1.3173798667765038,244730402),(139,'1464873887000',51.16055,6.79629,2.6234399999999996,1.4914171622676562,244730402),(140,'1464873947000',51.15914,6.79566,2.72632,1.5906464448948794,244730402),(141,'1464873988000',51.15822,6.79521,2.67488,1.5399480740262301,244730402),(142,'1464874077000',51.15619,6.79419,2.572,1.4449712292977102,244730402),(143,'1464874137000',51.15484,6.79385,2.4691199999999998,1.3580249551487007,244730402),(144,'1464874197000',51.15354,6.79354,2.3662399999999995,1.2785300502625505,244730402),(145,'1464874277000',51.15185,6.79365,2.3148,1.241412602143484,244730402),(146,'1464874337000',51.15062,6.79382,2.26336,1.2059682633824411,244730402),(147,'1464874397000',51.14948,6.79451,2.2119199999999997,1.1721413627711517,244730402),(148,'1464874457000',51.14838,6.79536,2.26336,1.2059682633824411,244730402),(149,'1464874537000',51.14695,6.79644,2.2119199999999997,1.1721413627711517,244730402),(150,'1464874596000',51.14606,6.79763,2.16048,1.139879776905431,244730402),(151,'1464874666000',51.14513,6.79922,2.16048,1.139879776905431,244730402),(152,'1464874716000',51.14451,6.80047,2.16048,1.139879776905431,244730402),(153,'1464874776000',51.14393,6.80211,2.10904,1.109134908297139,244730402),(154,'1464874856000',51.14359,6.80449,2.16048,1.139879776905431,244730402),(155,'1464874896000',51.14357,6.80576,2.2119199999999997,1.1721413627711517,244730402),(156,'1464875576000',51.14993,6.82446,2.41768,1.3173798667765038,244730402),(157,'1464875607000',51.1505,6.82499,2.4691199999999998,1.3580249551487007,244730402),(158,'1464875667000',51.15166,6.82615,2.52056,1.4005319351884,244730402),(159,'1464875768000',51.15361,6.82815,2.6234399999999996,1.4914171622676562,244730402),(160,'1464875797000',51.15422,6.82876,2.572,1.4449712292977102,244730402),(161,'1464875876000',51.15583,6.83023,2.52056,1.4005319351884,244730402),(162,'1464876677000',51.16111,6.85143,2.0576,1.0798616835634411,244730402),(163,'1464942818000',50.75687,7.09754,2.3662399999999995,1.2785300502625505,244730402),(164,'1464942906000',50.75554,7.09964,2.26336,1.2059682633824411,244730402),(165,'1464942926000',50.75521,7.10005,2.26336,1.2059682633824411,244730402),(166,'1464943007000',50.75392,7.10164,2.26336,1.2059682633824411,244730402),(167,'1464943106000',50.75221,7.10342,2.26336,1.2059682633824411,244730402),(168,'1464943127000',50.75186,7.10374,2.2119199999999997,1.1721413627711517,244730402),(169,'1464943226000',50.75013,7.10513,2.10904,1.109134908297139,244730402),(170,'1464943266000',50.74941,7.10546,2.10904,1.109134908297139,244730402),(171,'1464943627000',50.74243,7.10828,2.41768,1.3173798667765038,244730402),(172,'1464943697000',50.7409,7.10897,2.4691199999999998,1.3580249551487007,244730402),(173,'1464943757000',50.73959,7.10949,2.41768,1.3173798667765038,244730402),(174,'1464943787000',50.73897,7.10968,2.41768,1.3173798667765038,244730402),(175,'1464943986000',50.73466,7.11025,2.3662399999999995,1.2785300502625505,244730402),(176,'1464944066000',50.73297,7.11065,2.3148,1.241412602143484,244730402),(177,'1464944146000',50.7313,7.11108,2.3662399999999995,1.2785300502625505,244730402),(178,'1464944346000',50.72716,7.11369,2.572,1.4449712292977102,244730402),(179,'1464944446000',50.72536,7.11615,2.6234399999999996,1.4914171622676562,244730402),(180,'1464944546000',50.72366,7.11871,2.572,1.4449712292977102,244730402),(181,'1464944737000',50.72083,7.12448,2.8291999999999997,1.6988970239299117,244730402),(182,'1464944768000',50.72049,7.12563,2.8806399999999996,1.756636191668821,244730402),(183,'1464944847000',50.71964,7.12863,2.93208,1.8169170722411192,244730402),(184,'1464945186000',50.71746,7.14162,2.572,1.4449712292977102,244730402),(185,'1464945306000',50.71687,7.14568,2.3662399999999995,1.2785300502625505,244730402),(186,'1464946287000',50.7022,7.17033,2.67488,1.5399480740262301,244730402),(187,'1464946317000',50.70153,7.17075,2.72632,1.5906464448948794,244730402),(188,'1464946816000',50.68979,7.17582,2.572,1.4449712292977102,244730402),(189,'1464946867000',50.68871,7.17641,2.41768,1.3173798667765038,244730402),(190,'1464946946000',50.6871,7.17746,2.41768,1.3173798667765038,244730402),(191,'1464947006000',50.68593,7.17833,2.3148,1.241412602143484,244730402),(192,'1464947057000',50.68492,7.17898,2.26336,1.2059682633824411,244730402),(193,'1464947126000',50.68364,7.17983,2.3148,1.241412602143484,244730402),(194,'1464947197000',50.68225,7.18085,2.41768,1.3173798667765038,244730402),(195,'1464947266000',50.68092,7.18194,2.3662399999999995,1.2785300502625505,244730402),(196,'1464947337000',50.67962,7.18311,2.3148,1.241412602143484,244730402),(197,'1464947547000',50.67598,7.18688,2.26336,1.2059682633824411,244730402),(198,'1464947645000',50.67431,7.18865,2.26336,1.2059682633824411,244730402),(199,'1464947686000',50.67357,7.18933,2.3148,1.241412602143484,244730402),(200,'1464947746000',50.67242,7.19013,2.3148,1.241412602143484,244730402),(201,'1465048122000',51.19058,6.73093,2.572,1.4449712292977102,244660136),(202,'1465048193000',51.18897,6.73152,2.572,1.4449712292977102,244660136),(203,'1465048253000',51.1877,6.73271,2.7777600000000002,1.6435990330413437,244660136),(204,'1465048325000',51.18614,6.73427,2.9835199999999995,1.8798451486823382,244660136),(205,'1465048386000',51.18482,6.73558,2.72632,1.5906464448948794,244660136),(206,'1465048452000',51.18386,6.73762,2.67488,1.5399480740262301,244660136),(207,'1465048512000',51.18331,6.73994,2.9835199999999995,1.8798451486823382,244660136),(208,'1465048582000',51.1823,6.74249,2.8806399999999996,1.756636191668821,244660136),(209,'1465048642000',51.18135,6.74446,2.7777600000000002,1.6435990330413437,244660136),(210,'1465048714000',51.18034,6.74683,2.7777600000000002,1.6435990330413437,244660136),(211,'1465048774000',51.17987,6.74915,2.8806399999999996,1.756636191668821,244660136),(212,'1465048843000',51.17997,6.75216,3.1378399999999997,2.0856458179302133,244660136),(213,'1465048906000',51.18021,6.75484,3.1378399999999997,2.0856458179302133,244660136),(214,'1465048975000',51.18079,6.75777,3.03496,1.9455310483373451,244660136),(215,'1465049035000',51.1814,6.7602,2.9835199999999995,1.8798451486823382,244660136),(216,'1465049103000',51.18206,6.76304,2.9835199999999995,1.8798451486823382,244660136),(217,'1465049163000',51.18262,6.76543,2.93208,1.8169170722411192,244660136),(218,'1465049232000',51.18338,6.76808,2.8806399999999996,1.756636191668821,244660136),(219,'1465049292000',51.18395,6.7704,2.8806399999999996,1.756636191668821,244660136),(220,'1465049363000',51.18437,6.77341,3.0864,2.014090752391679,244660136),(221,'1465049423000',51.18471,6.77606,3.1378399999999997,2.0856458179302133,244660136),(222,'1465049492000',51.18489,6.77917,3.18928,2.160323612829839,244660136),(223,'1465052143000',51.15092,6.82526,2.8291999999999997,1.6988970239299117,244660136),(224,'1465052212000',51.15248,6.8266,2.93208,1.8169170722411192,244660136),(225,'1465052264000',51.15367,6.82768,2.8806399999999996,1.756636191668821,244660136),(226,'1465052324000',51.15497,6.82904,2.8291999999999997,1.6988970239299117,244660136),(227,'1465052367000',51.15579,6.83004,2.93208,1.8169170722411192,244660136),(228,'1465052613000',51.16022,6.83722,2.8291999999999997,1.6988970239299117,244660136),(229,'1465052624000',51.1604,6.83759,2.8291999999999997,1.6988970239299117,244660136),(230,'1465052802000',51.16228,6.84348,2.4691199999999998,1.3580249551487007,244660136),(231,'1465052824000',51.1623,6.8442,2.4691199999999998,1.3580249551487007,244660136),(232,'1465052881000',51.16201,6.84605,2.7777600000000002,1.6435990330413437,244660136),(233,'1465052983000',51.16133,6.85009,2.52056,1.4005319351884,244660136),(234,'1465053016000',51.16105,6.85106,2.4691199999999998,1.3580249551487007,244660136),(235,'1465053493000',51.14993,6.8558,3.03496,1.9455310483373451,244660136);
/*!40000 ALTER TABLE `aisinformation` ENABLE KEYS */;
UNLOCK TABLES;

--
-- Table structure for table `ships`
--

DROP TABLE IF EXISTS `ships`;
/*!40101 SET @saved_cs_client     = @@character_set_client */;
/*!40101 SET character_set_client = utf8 */;
CREATE TABLE `ships` (
  `mmsi` int(11) NOT NULL,
  `shiptype_typename` varchar(50) NOT NULL,
  `shipname` varchar(50) DEFAULT NULL,
  PRIMARY KEY (`mmsi`,`shiptype_typename`),
  KEY `fk_ships_shiptype1_idx` (`shiptype_typename`),
  CONSTRAINT `fk_ships_shiptype1` FOREIGN KEY (`shiptype_typename`) REFERENCES `shiptype` (`typename`) ON DELETE NO ACTION ON UPDATE NO ACTION
) ENGINE=InnoDB DEFAULT CHARSET=utf8;
/*!40101 SET character_set_client = @saved_cs_client */;

--
-- Dumping data for table `ships`
--

LOCK TABLES `ships` WRITE;
/*!40000 ALTER TABLE `ships` DISABLE KEYS */;
INSERT INTO `ships` VALUES (244660134,'IV','Aldeano'),(244660136,'IV','Primo'),(244730402,'IV','Readiness'),(244730609,'IV+','Allegro'),(244750773,'IV','Maria-Helena');
/*!40000 ALTER TABLE `ships` ENABLE KEYS */;
UNLOCK TABLES;

--
-- Table structure for table `shiptype`
--

DROP TABLE IF EXISTS `shiptype`;
/*!40101 SET @saved_cs_client     = @@character_set_client */;
/*!40101 SET character_set_client = utf8 */;
CREATE TABLE `shiptype` (
  `typename` varchar(50) NOT NULL,
  `typebigname` varchar(50) NOT NULL,
  `shiplength` double NOT NULL,
  `shipwith` double NOT NULL,
  `shipdepth` double NOT NULL,
  `capacity` double NOT NULL,
  `weight` double DEFAULT NULL,
  PRIMARY KEY (`typename`)
) ENGINE=InnoDB DEFAULT CHARSET=utf8;
/*!40101 SET character_set_client = @saved_cs_client */;

--
-- Dumping data for table `shiptype`
--

LOCK TABLES `shiptype` WRITE;
/*!40000 ALTER TABLE `shiptype` DISABLE KEYS */;
INSERT INTO `shiptype` VALUES ('I','Spits',38.5,5.05,2.2,350,NULL),('II','Kempenaar',55,6.6,2.59,655,NULL),('III','Neokemp',63,7,2.5,840,NULL),('III+','Dortmunder',67,8.2,2.5,1000,NULL),('IV','Europaschip',85,9.5,3,1500,NULL),('IV+','Verlengd Europaschip',105,9.5,3,2150,NULL),('VA','Groot Rijnschip',110,11.4,3,2750,NULL),('VA+','Verlengd Groot Rijnschip',135,11.4,3.2,3250,NULL),('VB','Groot containerschip',135,14,3.5,3850,NULL),('VB+','Tweebaksduwstel',172,11.4,4,5500,NULL),('VIb','Vierbaksduwstel',193,22.8,4,11000,NULL),('VIc','Zesbaksduwstel',193,34.2,4,16500,NULL);
/*!40000 ALTER TABLE `shiptype` ENABLE KEYS */;
UNLOCK TABLES;

--
-- Table structure for table `usersaccount`
--

DROP TABLE IF EXISTS `usersaccount`;
/*!40101 SET @saved_cs_client     = @@character_set_client */;
/*!40101 SET character_set_client = utf8 */;
CREATE TABLE `usersaccount` (
  `username` varchar(40) NOT NULL,
  `password` varchar(40) NOT NULL,
  `email` varchar(100) NOT NULL,
  `activated` tinyint(1) NOT NULL DEFAULT '0',
  `firstname` varchar(40) DEFAULT NULL,
  `lastname` varchar(40) DEFAULT NULL,
  PRIMARY KEY (`username`)
) ENGINE=InnoDB DEFAULT CHARSET=utf8;
/*!40101 SET character_set_client = @saved_cs_client */;

--
-- Dumping data for table `usersaccount`
--

LOCK TABLES `usersaccount` WRITE;
/*!40000 ALTER TABLE `usersaccount` DISABLE KEYS */;
INSERT INTO `usersaccount` VALUES ('admin','admin','admin@admin.nl',1,NULL,NULL),('edwin','koekjes','email currently not being entered!',0,NULL,NULL),('fesfsefes','222222222','feefsesf@grs.fes',0,NULL,NULL),('hoihoi23232','hoihoihoi','hoi222@hoi.nl',0,NULL,NULL),('hoihoihoi','hoihoihoi','hoihoi@hoi.hoi',0,NULL,NULL),('hoihoihoi43','hoihoihoi','hoi43hoi@hoi.hoi',0,NULL,NULL);
/*!40000 ALTER TABLE `usersaccount` ENABLE KEYS */;
UNLOCK TABLES;

--
-- Table structure for table `usersaccount_has_ships`
--

DROP TABLE IF EXISTS `usersaccount_has_ships`;
/*!40101 SET @saved_cs_client     = @@character_set_client */;
/*!40101 SET character_set_client = utf8 */;
CREATE TABLE `usersaccount_has_ships` (
  `usersaccount_username` varchar(40) NOT NULL,
  `ships_mmsi` int(11) NOT NULL,
  PRIMARY KEY (`usersaccount_username`,`ships_mmsi`),
  KEY `fk_usersaccount_has_ships_ships1_idx` (`ships_mmsi`),
  KEY `fk_usersaccount_has_ships_usersaccount_idx` (`usersaccount_username`),
  CONSTRAINT `fk_usersaccount_has_ships_ships1` FOREIGN KEY (`ships_mmsi`) REFERENCES `ships` (`mmsi`) ON DELETE NO ACTION ON UPDATE NO ACTION,
  CONSTRAINT `fk_usersaccount_has_ships_usersaccount` FOREIGN KEY (`usersaccount_username`) REFERENCES `usersaccount` (`username`) ON DELETE NO ACTION ON UPDATE NO ACTION
) ENGINE=InnoDB DEFAULT CHARSET=utf8;
/*!40101 SET character_set_client = @saved_cs_client */;

--
-- Dumping data for table `usersaccount_has_ships`
--

LOCK TABLES `usersaccount_has_ships` WRITE;
/*!40000 ALTER TABLE `usersaccount_has_ships` DISABLE KEYS */;
INSERT INTO `usersaccount_has_ships` VALUES ('admin',244660134),('admin',244660136),('admin',244730402),('admin',244730609),('admin',244750773);
/*!40000 ALTER TABLE `usersaccount_has_ships` ENABLE KEYS */;
UNLOCK TABLES;
/*!40103 SET TIME_ZONE=@OLD_TIME_ZONE */;

/*!40101 SET SQL_MODE=@OLD_SQL_MODE */;
/*!40014 SET FOREIGN_KEY_CHECKS=@OLD_FOREIGN_KEY_CHECKS */;
/*!40014 SET UNIQUE_CHECKS=@OLD_UNIQUE_CHECKS */;
/*!40101 SET CHARACTER_SET_CLIENT=@OLD_CHARACTER_SET_CLIENT */;
/*!40101 SET CHARACTER_SET_RESULTS=@OLD_CHARACTER_SET_RESULTS */;
/*!40101 SET COLLATION_CONNECTION=@OLD_COLLATION_CONNECTION */;
/*!40111 SET SQL_NOTES=@OLD_SQL_NOTES */;

-- Dump completed on 2016-06-04 17:24:32
